<step title="Incoming Request" date="2025-07-24T08:04:09.832" instance="41d990" url="/deploy?scmType=ExternalGit&amp;isAsync=true" method="POST" type="request" pid="821,1,19" Host="sentrycoin-v4-app.scm.azurewebsites.net" User-Agent="Azure-WebSites-Controller/104.0.7.211" Authorization="Bas..." Expect="100-continue" Content-Length="87" x-ms-request-id="a9d3ce94-97f1-4e6e-81dc-82a9d2d9c373" X-ARR-LOG-ID="a9d3ce94-97f1-4e6e-81dc-82a9d2d9c373" CLIENT-IP="51.116.145.32:48001" X-SITE-DEPLOYMENT-ID="sentrycoin-v4-app" WAS-DEFAULT-HOSTNAME="sentrycoin-v4-app.scm.azurewebsites.net" X-MS-PLATFORM-INTERNAL="True" X-Forwarded-Proto="https" X-AppService-Proto="https" X-Forwarded-TlsVersion="1.3" X-WAWS-Unencoded-URL="/deploy?scmType=ExternalGit&amp;isAsync=true" X-Client-IP="51.116.145.32" X-Client-Port="48001" >
  <step title="Cleanup Xml Logs" date="2025-07-24T08:04:09.837" /><!-- duration: 6ms -->
  <step title="FetchHandler" date="2025-07-24T08:04:09.857" >
    <step title="Executing external process" date="2025-07-24T08:04:09.928" type="process" path="git" arguments="rev-parse --git-dir" /><!-- duration: 52ms -->
    <step title="Executing external process" date="2025-07-24T08:04:09.984" type="process" path="git" arguments="rev-parse --git-dir" /><!-- duration: 13ms -->
    <step title="Executing external process" date="2025-07-24T08:04:09.999" type="process" path="git" arguments="log -n 1 main --" /><!-- duration: 70ms -->
    <step title="Start deployment in the background" date="2025-07-24T08:04:10.077" >
      <step title="Executing external process" date="2025-07-24T08:04:10.097" type="process" path="git" arguments="rev-parse --git-dir" /><!-- duration: 12ms -->
      <step title="Executing external process" date="2025-07-24T08:04:10.112" type="process" path="git" arguments="rev-parse --git-dir" /><!-- duration: 12ms -->
      <step title="Executing external process" date="2025-07-24T08:04:10.127" type="process" path="git" arguments="log -n 1 main --" /><!-- duration: 42ms -->
      <step title="Acquiring Deployment Lock" date="2025-07-24T08:04:10.171" /><!-- duration: 4ms -->
      <step title="Acquired Deployment Lock" date="2025-07-24T08:04:10.221" /><!-- duration: 2ms -->
    </step><!-- duration: 229ms -->
  </step><!-- duration: 452ms -->
  <step title="Outgoing response" date="2025-07-24T08:04:10.313" type="response" statusCode="202" statusText="Accepted" /><!-- duration: 3ms -->
</step><!-- duration: 487ms -->
