<step title="Incoming Request" date="2025-07-24T07:49:14.603" instance="41d990" url="/deploy?scmType=ExternalGit&amp;isAsync=true" method="POST" type="request" pid="821,1,27" Host="sentrycoin-v4-app.scm.azurewebsites.net" User-Agent="Azure-WebSites-Controller/104.0.7.211" Authorization="Bas..." Expect="100-continue" Content-Length="87" x-ms-request-id="79c4f219-7a44-4043-80d6-cf70704a82b6" X-ARR-LOG-ID="79c4f219-7a44-4043-80d6-cf70704a82b6" CLIENT-IP="51.116.145.32:49152" X-SITE-DEPLOYMENT-ID="sentrycoin-v4-app" WAS-DEFAULT-HOSTNAME="sentrycoin-v4-app.scm.azurewebsites.net" X-MS-PLATFORM-INTERNAL="True" X-Forwarded-Proto="https" X-AppService-Proto="https" X-Forwarded-TlsVersion="1.3" X-WAWS-Unencoded-URL="/deploy?scmType=ExternalGit&amp;isAsync=true" X-Client-IP="51.116.145.32" X-Client-Port="49152" >
  <step title="Cleanup Xml Logs" date="2025-07-24T07:49:14.614" /><!-- duration: 7ms -->
  <step title="FetchHandler" date="2025-07-24T07:49:14.685" >
    <step title="Executing external process" date="2025-07-24T07:49:14.831" type="process" path="git" arguments="rev-parse --git-dir" /><!-- duration: 73ms -->
    <step title="Executing external process" date="2025-07-24T07:49:14.907" type="process" path="git" arguments="rev-parse --git-dir" /><!-- duration: 16ms -->
    <step title="Executing external process" date="2025-07-24T07:49:14.928" type="process" path="git" arguments="log -n 1 main --" /><!-- duration: 51ms -->
    <step title="Start deployment in the background" date="2025-07-24T07:49:15.003" >
      <step title="Executing external process" date="2025-07-24T07:49:15.020" type="process" path="git" arguments="rev-parse --git-dir" /><!-- duration: 8ms -->
      <step title="Executing external process" date="2025-07-24T07:49:15.031" type="process" path="git" arguments="rev-parse --git-dir" /><!-- duration: 8ms -->
      <step title="Executing external process" date="2025-07-24T07:49:15.042" type="process" path="git" arguments="log -n 1 main --" /><!-- duration: 31ms -->
      <step title="Acquiring Deployment Lock" date="2025-07-24T07:49:15.076" /><!-- duration: 3ms -->
      <step title="Acquired Deployment Lock" date="2025-07-24T07:49:15.118" /><!-- duration: 3ms -->
    </step><!-- duration: 198ms -->
  </step><!-- duration: 520ms -->
  <step title="Outgoing response" date="2025-07-24T07:49:15.208" type="response" statusCode="202" statusText="Accepted" /><!-- duration: 2ms -->
</step><!-- duration: 610ms -->
