<step title="BackgroundTrace" date="2025-07-24T08:04:10.089" instance="41d990" url="/deploy" method="POST" >
  <step title="Creating temporary deployment - FetchDeploymentManager" date="2025-07-24T08:04:10.226" /><!-- duration: 2ms -->
  <step title="Creating temporary deployment" date="2025-07-24T08:04:10.231" /><!-- duration: 72ms -->
  <step title="Performing fetch based deployment" date="2025-07-24T08:04:10.438" >
    <step title="Deployment timer started" date="2025-07-24T08:04:13.704" >
      <step title="DeploymentManager.Deploy(id:666ed7161c3a6413fd044e5e35806aa0939b7e94)" date="2025-07-24T08:04:13.711" >
        <step title="Collecting changeset information" date="2025-07-24T08:04:13.737" /><!-- duration: 83ms -->
        <step title="Updating submodules" date="2025-07-24T08:04:13.825" /><!-- duration: 1100ms -->
        <step title="Determining deployment builder" date="2025-07-24T08:04:15.120" >
          <step title="Builder is OryxBuilder" date="2025-07-24T08:04:15.131" /><!-- duration: 3ms -->
        </step><!-- duration: 16ms -->
        <step title="PreDeployment: context.CleanOutputPath False" date="2025-07-24T08:04:15.181" >
          <step title="PreDeployment: context.OutputPath /home/site/wwwroot" date="2025-07-24T08:04:15.269" >
            <step title="Building" date="2025-07-24T08:04:15.399" >
              <step title="Executing external process" date="2025-07-24T08:04:15.622" type="process" path="bash" arguments="-c &quot;oryx build /home/site/repository -o /home/site/wwwroot --platform nodejs --platform-version 20 -p virtualenv_name= --log-file /tmp/build-debug.log  -i /tmp/8ddca88aead81ca -p compress_node_modules=tar-gz | tee /tmp/oryx-build.log ; exit $PIPESTATUS &quot;" /><!-- duration: 17376ms -->
              <step title="Using GenericDeploymentLogParser" date="2025-07-24T08:04:33.364" /><!-- duration: 3ms -->
              <step title="Triggering recycle (preview mode disabled)." date="2025-07-24T08:04:34.264" /><!-- duration: 7ms -->
              <step title="Modified file to trigger a restart of the app container." date="2025-07-24T08:04:34.303" /><!-- duration: 3ms -->
              <step title="Skip function trigger and logicapp sync because function is not enabled." date="2025-07-24T08:04:34.318" /><!-- duration: 3ms -->
            </step><!-- duration: 19719ms -->
          </step><!-- duration: 19909ms -->
          <step title="Cleaning up temp files" date="2025-07-24T08:04:35.181" /><!-- duration: 604ms -->
          <step title="Cleaning up temp files" date="2025-07-24T08:04:35.789" /><!-- duration: 509ms -->
          <step title="Reloading status file with latest updates" date="2025-07-24T08:04:36.354" >
            <step title="WebHooksManager.PublishEventAsync: PostDeployment" date="2025-07-24T08:04:36.359" /><!-- duration: 85ms -->
          </step><!-- duration: 93ms -->
          <step title="Cleaning up temporary deployment - fetch deployment was successful" date="2025-07-24T08:04:36.458" /><!-- duration: 3ms -->
        </step><!-- duration: 21329ms -->
      </step><!-- duration: 22818ms -->
