<step title="Incoming Request" date="2025-07-24T08:14:50.142" instance="41d990" url="/deploy?scmType=ExternalGit&amp;isAsync=true" method="POST" type="request" pid="821,1,29" Host="sentrycoin-v4-app.scm.azurewebsites.net" User-Agent="Azure-WebSites-Controller/104.0.7.211" Authorization="Bas..." Expect="100-continue" Content-Length="87" x-ms-request-id="3bc8511f-ae2e-4291-bba9-ab8d78561552" X-ARR-LOG-ID="3bc8511f-ae2e-4291-bba9-ab8d78561552" CLIENT-IP="51.116.145.32:49156" X-SITE-DEPLOYMENT-ID="sentrycoin-v4-app" WAS-DEFAULT-HOSTNAME="sentrycoin-v4-app.scm.azurewebsites.net" X-MS-PLATFORM-INTERNAL="True" X-Forwarded-Proto="https" X-AppService-Proto="https" X-Forwarded-TlsVersion="1.3" X-WAWS-Unencoded-URL="/deploy?scmType=ExternalGit&amp;isAsync=true" X-Client-IP="51.116.145.32" X-Client-Port="49156" >
  <step title="Cleanup Xml Logs" date="2025-07-24T08:14:50.146" /><!-- duration: 8ms -->
  <step title="FetchHandler" date="2025-07-24T08:14:50.161" >
    <step title="Executing external process" date="2025-07-24T08:14:50.181" type="process" path="git" arguments="rev-parse --git-dir" /><!-- duration: 36ms -->
    <step title="Executing external process" date="2025-07-24T08:14:50.220" type="process" path="git" arguments="rev-parse --git-dir" /><!-- duration: 16ms -->
    <step title="Executing external process" date="2025-07-24T08:14:50.239" type="process" path="git" arguments="log -n 1 main --" /><!-- duration: 61ms -->
    <step title="Start deployment in the background" date="2025-07-24T08:14:50.306" >
      <step title="Executing external process" date="2025-07-24T08:14:50.316" type="process" path="git" arguments="rev-parse --git-dir" /><!-- duration: 14ms -->
      <step title="Executing external process" date="2025-07-24T08:14:50.334" type="process" path="git" arguments="rev-parse --git-dir" /><!-- duration: 15ms -->
      <step title="Executing external process" date="2025-07-24T08:14:50.351" type="process" path="git" arguments="log -n 1 main --" /><!-- duration: 44ms -->
      <step title="Acquiring Deployment Lock" date="2025-07-24T08:14:50.403" /><!-- duration: 2ms -->
      <step title="Acquired Deployment Lock" date="2025-07-24T08:14:50.434" /><!-- duration: 2ms -->
    </step><!-- duration: 188ms -->
  </step><!-- duration: 334ms -->
  <step title="Outgoing response" date="2025-07-24T08:14:50.498" type="response" statusCode="202" statusText="Accepted" /><!-- duration: 4ms -->
</step><!-- duration: 362ms -->
