<step title="Incoming Request" date="2025-07-24T08:09:35.931" instance="41d990" url="/deploy?scmType=ExternalGit&amp;isAsync=true" method="POST" type="request" pid="821,1,23" Host="sentrycoin-v4-app.scm.azurewebsites.net" User-Agent="Azure-WebSites-Controller/104.0.7.211" Authorization="Bas..." Expect="100-continue" Content-Length="87" x-ms-request-id="719a47be-d907-483f-bc4c-27e2895b9577" X-ARR-LOG-ID="719a47be-d907-483f-bc4c-27e2895b9577" CLIENT-IP="51.116.145.32:49153" X-SITE-DEPLOYMENT-ID="sentrycoin-v4-app" WAS-DEFAULT-HOSTNAME="sentrycoin-v4-app.scm.azurewebsites.net" X-MS-PLATFORM-INTERNAL="True" X-Forwarded-Proto="https" X-AppService-Proto="https" X-Forwarded-TlsVersion="1.3" X-WAWS-Unencoded-URL="/deploy?scmType=ExternalGit&amp;isAsync=true" X-Client-IP="51.116.145.32" X-Client-Port="49153" >
  <step title="Cleanup Xml Logs" date="2025-07-24T08:09:35.934" /><!-- duration: 6ms -->
  <step title="FetchHandler" date="2025-07-24T08:09:35.952" >
    <step title="Executing external process" date="2025-07-24T08:09:36.008" type="process" path="git" arguments="rev-parse --git-dir" /><!-- duration: 44ms -->
    <step title="Executing external process" date="2025-07-24T08:09:36.055" type="process" path="git" arguments="rev-parse --git-dir" /><!-- duration: 14ms -->
    <step title="Executing external process" date="2025-07-24T08:09:36.071" type="process" path="git" arguments="log -n 1 main --" /><!-- duration: 61ms -->
    <step title="Start deployment in the background" date="2025-07-24T08:09:36.135" >
      <step title="Executing external process" date="2025-07-24T08:09:36.158" type="process" path="git" arguments="rev-parse --git-dir" /><!-- duration: 19ms -->
      <step title="Executing external process" date="2025-07-24T08:09:36.182" type="process" path="git" arguments="rev-parse --git-dir" /><!-- duration: 16ms -->
      <step title="Executing external process" date="2025-07-24T08:09:36.201" type="process" path="git" arguments="log -n 1 main --" /><!-- duration: 51ms -->
      <step title="Acquiring Deployment Lock" date="2025-07-24T08:09:36.254" /><!-- duration: 2ms -->
      <step title="Acquired Deployment Lock" date="2025-07-24T08:09:36.280" /><!-- duration: 2ms -->
    </step><!-- duration: 196ms -->
  </step><!-- duration: 381ms -->
  <step title="Outgoing response" date="2025-07-24T08:09:36.336" type="response" statusCode="202" statusText="Accepted" /><!-- duration: 2ms -->
</step><!-- duration: 410ms -->
