<step title="BackgroundTrace" date="2025-07-24T08:14:02.173" instance="41d990" url="/deploy" method="POST" >
  <step title="Creating temporary deployment - FetchDeploymentManager" date="2025-07-24T08:14:02.296" /><!-- duration: 2ms -->
  <step title="Creating temporary deployment" date="2025-07-24T08:14:02.300" /><!-- duration: 47ms -->
  <step title="Performing fetch based deployment" date="2025-07-24T08:14:02.457" >
    <step title="Deployment timer started" date="2025-07-24T08:14:05.077" >
      <step title="DeploymentManager.Deploy(id:19982d0d2003c116334e9bae4b0d064c78879351)" date="2025-07-24T08:14:05.081" >
        <step title="Collecting changeset information" date="2025-07-24T08:14:05.106" /><!-- duration: 79ms -->
        <step title="Updating submodules" date="2025-07-24T08:14:05.193" /><!-- duration: 1115ms -->
        <step title="Determining deployment builder" date="2025-07-24T08:14:06.507" >
          <step title="Builder is OryxBuilder" date="2025-07-24T08:14:06.517" /><!-- duration: 3ms -->
        </step><!-- duration: 16ms -->
        <step title="PreDeployment: context.CleanOutputPath False" date="2025-07-24T08:14:06.564" >
          <step title="PreDeployment: context.OutputPath /home/site/wwwroot" date="2025-07-24T08:14:06.652" >
            <step title="Building" date="2025-07-24T08:14:06.751" >
              <step title="Executing external process" date="2025-07-24T08:14:06.980" type="process" path="bash" arguments="-c &quot;oryx build /home/site/repository -o /home/site/wwwroot --platform nodejs --platform-version 20 -p virtualenv_name= --log-file /tmp/build-debug.log  -i /tmp/8ddca8a0f2bbdce -p compress_node_modules=tar-gz | tee /tmp/oryx-build.log ; exit $PIPESTATUS &quot;" /><!-- duration: 17407ms -->
              <step title="Using GenericDeploymentLogParser" date="2025-07-24T08:14:24.698" /><!-- duration: 6ms -->
              <step title="Triggering recycle (preview mode disabled)." date="2025-07-24T08:14:25.569" /><!-- duration: 6ms -->
              <step title="Modified file to trigger a restart of the app container." date="2025-07-24T08:14:25.610" /><!-- duration: 3ms -->
              <step title="Skip function trigger and logicapp sync because function is not enabled." date="2025-07-24T08:14:25.617" /><!-- duration: 6ms -->
            </step><!-- duration: 19598ms -->
          </step><!-- duration: 19706ms -->
          <step title="Cleaning up temp files" date="2025-07-24T08:14:26.361" /><!-- duration: 473ms -->
          <step title="Cleaning up temp files" date="2025-07-24T08:14:26.840" /><!-- duration: 522ms -->
          <step title="Reloading status file with latest updates" date="2025-07-24T08:14:27.391" >
            <step title="WebHooksManager.PublishEventAsync: PostDeployment" date="2025-07-24T08:14:27.395" /><!-- duration: 25ms -->
          </step><!-- duration: 32ms -->
          <step title="Cleaning up temporary deployment - fetch deployment was successful" date="2025-07-24T08:14:27.428" /><!-- duration: 2ms -->
        </step><!-- duration: 20910ms -->
      </step><!-- duration: 22419ms -->
