<step title="BackgroundTrace" date="2025-07-24T08:14:50.309" instance="41d990" url="/deploy" method="POST" >
  <step title="Creating temporary deployment - FetchDeploymentManager" date="2025-07-24T08:14:50.439" /><!-- duration: 2ms -->
  <step title="Creating temporary deployment" date="2025-07-24T08:14:50.444" /><!-- duration: 46ms -->
  <step title="Performing fetch based deployment" date="2025-07-24T08:14:50.626" >
    <step title="Deployment timer started" date="2025-07-24T08:14:53.026" >
      <step title="DeploymentManager.Deploy(id:19982d0d2003c116334e9bae4b0d064c78879351)" date="2025-07-24T08:14:53.028" >
        <step title="Collecting changeset information" date="2025-07-24T08:14:53.060" /><!-- duration: 100ms -->
        <step title="Updating submodules" date="2025-07-24T08:14:53.208" /><!-- duration: 1096ms -->
        <step title="Determining deployment builder" date="2025-07-24T08:14:54.487" >
          <step title="Builder is OryxBuilder" date="2025-07-24T08:14:54.496" /><!-- duration: 3ms -->
        </step><!-- duration: 17ms -->
        <step title="PreDeployment: context.CleanOutputPath False" date="2025-07-24T08:14:54.542" >
          <step title="PreDeployment: context.OutputPath /home/site/wwwroot" date="2025-07-24T08:14:54.645" >
            <step title="Building" date="2025-07-24T08:14:54.740" >
              <step title="Executing external process" date="2025-07-24T08:14:54.983" type="process" path="bash" arguments="-c &quot;oryx build /home/site/repository -o /home/site/wwwroot --platform nodejs --platform-version 20 -p virtualenv_name= --log-file /tmp/build-debug.log  -i /tmp/8ddca8a2bc4e23e -p compress_node_modules=tar-gz | tee /tmp/oryx-build.log ; exit $PIPESTATUS &quot;" /><!-- duration: 15224ms -->
              <step title="Using GenericDeploymentLogParser" date="2025-07-24T08:15:10.536" /><!-- duration: 3ms -->
              <step title="Triggering recycle (preview mode disabled)." date="2025-07-24T08:15:11.440" /><!-- duration: 6ms -->
              <step title="Modified file to trigger a restart of the app container." date="2025-07-24T08:15:11.479" /><!-- duration: 3ms -->
              <step title="Skip function trigger and logicapp sync because function is not enabled." date="2025-07-24T08:15:11.485" /><!-- duration: 7ms -->
            </step><!-- duration: 17452ms -->
          </step><!-- duration: 17557ms -->
          <step title="Cleaning up temp files" date="2025-07-24T08:15:12.207" /><!-- duration: 302ms -->
          <step title="Cleaning up temp files" date="2025-07-24T08:15:12.512" /><!-- duration: 504ms -->
          <step title="Reloading status file with latest updates" date="2025-07-24T08:15:13.044" >
            <step title="WebHooksManager.PublishEventAsync: PostDeployment" date="2025-07-24T08:15:13.051" /><!-- duration: 31ms -->
          </step><!-- duration: 43ms -->
          <step title="Cleaning up temporary deployment - fetch deployment was successful" date="2025-07-24T08:15:13.095" /><!-- duration: 3ms -->
        </step><!-- duration: 18631ms -->
      </step><!-- duration: 20173ms -->
