<step title="Incoming Request" date="2025-07-24T08:14:01.921" instance="41d990" url="/deploy?scmType=ExternalGit&amp;isAsync=true" method="POST" type="request" pid="821,1,22" Host="sentrycoin-v4-app.scm.azurewebsites.net" User-Agent="Azure-WebSites-Controller/104.0.7.211" Authorization="Bas..." Expect="100-continue" Content-Length="87" x-ms-request-id="9ed5c3bc-1a5e-4601-a755-6238f93f6b65" X-ARR-LOG-ID="9ed5c3bc-1a5e-4601-a755-6238f93f6b65" CLIENT-IP="51.116.145.32:49156" X-SITE-DEPLOYMENT-ID="sentrycoin-v4-app" WAS-DEFAULT-HOSTNAME="sentrycoin-v4-app.scm.azurewebsites.net" X-MS-PLATFORM-INTERNAL="True" X-Forwarded-Proto="https" X-AppService-Proto="https" X-Forwarded-TlsVersion="1.3" X-WAWS-Unencoded-URL="/deploy?scmType=ExternalGit&amp;isAsync=true" X-Client-IP="51.116.145.32" X-Client-Port="49156" >
  <step title="Cleanup Xml Logs" date="2025-07-24T08:14:01.927" /><!-- duration: 6ms -->
  <step title="FetchHandler" date="2025-07-24T08:14:01.984" >
    <step title="Executing external process" date="2025-07-24T08:14:02.005" type="process" path="git" arguments="rev-parse --git-dir" /><!-- duration: 48ms -->
    <step title="Executing external process" date="2025-07-24T08:14:02.056" type="process" path="git" arguments="rev-parse --git-dir" /><!-- duration: 41ms -->
    <step title="Executing external process" date="2025-07-24T08:14:02.099" type="process" path="git" arguments="log -n 1 main --" /><!-- duration: 65ms -->
    <step title="Start deployment in the background" date="2025-07-24T08:14:02.170" >
      <step title="Executing external process" date="2025-07-24T08:14:02.180" type="process" path="git" arguments="rev-parse --git-dir" /><!-- duration: 16ms -->
      <step title="Executing external process" date="2025-07-24T08:14:02.198" type="process" path="git" arguments="rev-parse --git-dir" /><!-- duration: 12ms -->
      <step title="Executing external process" date="2025-07-24T08:14:02.212" type="process" path="git" arguments="log -n 1 main --" /><!-- duration: 46ms -->
      <step title="Acquiring Deployment Lock" date="2025-07-24T08:14:02.261" /><!-- duration: 2ms -->
      <step title="Acquired Deployment Lock" date="2025-07-24T08:14:02.290" /><!-- duration: 2ms -->
    </step><!-- duration: 179ms -->
  </step><!-- duration: 367ms -->
  <step title="Outgoing response" date="2025-07-24T08:14:02.354" type="response" statusCode="202" statusText="Accepted" /><!-- duration: 3ms -->
</step><!-- duration: 438ms -->
