<step title="BackgroundTrace" date="2025-07-24T07:49:15.015" instance="41d990" url="/deploy" method="POST" >
  <step title="Creating temporary deployment - FetchDeploymentManager" date="2025-07-24T07:49:15.123" /><!-- duration: 3ms -->
  <step title="Creating temporary deployment" date="2025-07-24T07:49:15.133" /><!-- duration: 66ms -->
  <step title="Performing fetch based deployment" date="2025-07-24T07:49:15.285" >
    <step title="Deployment timer started" date="2025-07-24T07:49:18.402" >
      <step title="DeploymentManager.Deploy(id:dea4214474aeb82c019293873182ae48434670e4)" date="2025-07-24T07:49:18.408" >
        <step title="Collecting changeset information" date="2025-07-24T07:49:18.433" /><!-- duration: 97ms -->
        <step title="Updating submodules" date="2025-07-24T07:49:18.534" /><!-- duration: 1092ms -->
        <step title="Determining deployment builder" date="2025-07-24T07:49:19.806" >
          <step title="Builder is OryxBuilder" date="2025-07-24T07:49:19.811" /><!-- duration: 2ms -->
        </step><!-- duration: 9ms -->
        <step title="PreDeployment: context.CleanOutputPath False" date="2025-07-24T07:49:19.857" >
          <step title="PreDeployment: context.OutputPath /home/site/wwwroot" date="2025-07-24T07:49:19.955" >
            <step title="Building" date="2025-07-24T07:49:20.082" >
              <step title="Executing external process" date="2025-07-24T07:49:20.284" type="process" path="bash" arguments="-c &quot;oryx build /home/site/repository -o /home/site/wwwroot --platform nodejs --platform-version 20 -p virtualenv_name= --log-file /tmp/build-debug.log  -i /tmp/8ddca8699061c7e -p compress_node_modules=tar-gz | tee /tmp/oryx-build.log ; exit $PIPESTATUS &quot;" /><!-- duration: 20914ms -->
              <step title="Using GenericDeploymentLogParser" date="2025-07-24T07:49:41.561" /><!-- duration: 2ms -->
              <step title="Triggering recycle (preview mode disabled)." date="2025-07-24T07:49:42.448" /><!-- duration: 2ms -->
              <step title="Modified file to trigger a restart of the app container." date="2025-07-24T07:49:42.481" /><!-- duration: 4ms -->
              <step title="Skip function trigger and logicapp sync because function is not enabled." date="2025-07-24T07:49:42.495" /><!-- duration: 2ms -->
            </step><!-- duration: 23044ms -->
          </step><!-- duration: 23179ms -->
          <step title="Cleaning up temp files" date="2025-07-24T07:49:43.136" /><!-- duration: 312ms -->
          <step title="Cleaning up temp files" date="2025-07-24T07:49:43.453" /><!-- duration: 505ms -->
          <step title="Reloading status file with latest updates" date="2025-07-24T07:49:43.984" >
            <step title="WebHooksManager.PublishEventAsync: PostDeployment" date="2025-07-24T07:49:43.987" /><!-- duration: 66ms -->
          </step><!-- duration: 72ms -->
          <step title="Cleaning up temporary deployment - fetch deployment was successful" date="2025-07-24T07:49:44.064" /><!-- duration: 3ms -->
        </step><!-- duration: 24281ms -->
      </step><!-- duration: 25743ms -->
