<step title="BackgroundTrace" date="2025-07-24T08:09:36.145" instance="41d990" url="/deploy" method="POST" >
  <step title="Creating temporary deployment - FetchDeploymentManager" date="2025-07-24T08:09:36.284" /><!-- duration: 2ms -->
  <step title="Creating temporary deployment" date="2025-07-24T08:09:36.289" /><!-- duration: 40ms -->
  <step title="Performing fetch based deployment" date="2025-07-24T08:09:36.456" >
    <step title="Deployment timer started" date="2025-07-24T08:09:38.694" >
      <step title="DeploymentManager.Deploy(id:666ed7161c3a6413fd044e5e35806aa0939b7e94)" date="2025-07-24T08:09:38.697" >
        <step title="Collecting changeset information" date="2025-07-24T08:09:38.716" /><!-- duration: 88ms -->
        <step title="Updating submodules" date="2025-07-24T08:09:38.861" /><!-- duration: 1104ms -->
        <step title="Determining deployment builder" date="2025-07-24T08:09:40.141" >
          <step title="Builder is OryxBuilder" date="2025-07-24T08:09:40.150" /><!-- duration: 3ms -->
        </step><!-- duration: 16ms -->
        <step title="PreDeployment: context.CleanOutputPath False" date="2025-07-24T08:09:40.194" >
          <step title="PreDeployment: context.OutputPath /home/site/wwwroot" date="2025-07-24T08:09:40.288" >
            <step title="Building" date="2025-07-24T08:09:40.398" >
              <step title="Executing external process" date="2025-07-24T08:09:40.598" type="process" path="bash" arguments="-c &quot;oryx build /home/site/repository -o /home/site/wwwroot --platform nodejs --platform-version 20 -p virtualenv_name= --log-file /tmp/build-debug.log  -i /tmp/8ddca897067786f -p compress_node_modules=tar-gz | tee /tmp/oryx-build.log ; exit $PIPESTATUS &quot;" /><!-- duration: 15592ms -->
              <step title="Using GenericDeploymentLogParser" date="2025-07-24T08:09:56.477" /><!-- duration: 4ms -->
              <step title="Triggering recycle (preview mode disabled)." date="2025-07-24T08:09:57.350" /><!-- duration: 10ms -->
              <step title="Modified file to trigger a restart of the app container." date="2025-07-24T08:09:57.396" /><!-- duration: 3ms -->
              <step title="Skip function trigger and logicapp sync because function is not enabled." date="2025-07-24T08:09:57.409" /><!-- duration: 3ms -->
            </step><!-- duration: 17729ms -->
          </step><!-- duration: 17850ms -->
          <step title="Cleaning up temp files" date="2025-07-24T08:09:58.141" /><!-- duration: 281ms -->
          <step title="Cleaning up temp files" date="2025-07-24T08:09:58.424" /><!-- duration: 514ms -->
          <step title="Reloading status file with latest updates" date="2025-07-24T08:09:58.963" >
            <step title="WebHooksManager.PublishEventAsync: PostDeployment" date="2025-07-24T08:09:58.967" /><!-- duration: 32ms -->
          </step><!-- duration: 40ms -->
          <step title="Cleaning up temporary deployment - fetch deployment was successful" date="2025-07-24T08:09:59.009" /><!-- duration: 3ms -->
        </step><!-- duration: 18895ms -->
      </step><!-- duration: 20408ms -->
