﻿<?xml version="1.0" encoding="utf-8"?>
<deployment>
  <id>19982d0d2003c116334e9bae4b0d064c78879351</id>
  <author>Your Name</author>
  <deployer>GitHub</deployer>
  <authorEmail>your.email@example.com</authorEmail>
  <message>Fix startup issues in index-minimal.js - Fixed validateEnvironmentVariables call and removed invalid event listeners</message>
  <progress></progress>
  <status>Success</status>
  <statusText></statusText>
  <lastSuccessEndTime>2025-07-24T08:15:11.8188805Z</lastSuccessEndTime>
  <receivedTime>2025-07-24T08:14:05.1275891Z</receivedTime>
  <startTime>2025-07-24T08:14:54.4275574Z</startTime>
  <endTime>2025-07-24T08:15:11.8188805Z</endTime>
  <complete>True</complete>
  <is_temp>False</is_temp>
  <is_readonly>False</is_readonly>
  <buildSummary />
</deployment>