﻿<?xml version="1.0" encoding="utf-8"?>
<deployment>
  <id>bfaf3f7cd196c68cd39f7d1bcc47481fd2a4904f</id>
  <author>Your Name</author>
  <deployer>GitHub</deployer>
  <authorEmail>your.email@example.com</authorEmail>
  <message>Add Real-time Monitoring Dashboard &amp; Deployment Infrastructure
    
    📊 Monitoring Dashboard:
    - Real-time WebSocket dashboard for live analytics
    - Predictive signal tracking and confirmation
    - Strategy comparison (Wavelet vs Trifecta)
    - Wavelet energy visualization and alerts
    - Shadow trading P&amp;L monitoring
    
    🔗 System Integration:
    - Quantitative API endpoints for all components
    - Enhanced index-v4.js with dashboard integration
    - CORS support for cross-origin requests
    - Socket.io for real-time data streaming
    
    📈 Analytics Features:
    - Live OFI and energy score monitoring
    - Prediction accuracy tracking with lead times
    - Strategy performance comparison
    - Alert log with confirmation status
    - Comprehensive system health monitoring
    
    🚀 Deployment Monitoring:
    - Automated deployment status checking
    - Component health verification
    - Real-time error tracking and reporting
    - Performance metrics collection
    
    This completes the monitoring infrastructure for the quantitative
    framework, providing real-time visibility into all system components
    and predictive signal performance.</message>
  <progress></progress>
  <status>Success</status>
  <statusText></statusText>
  <lastSuccessEndTime>2025-07-24T06:22:23.8929076Z</lastSuccessEndTime>
  <receivedTime>2025-07-24T06:21:55.6347694Z</receivedTime>
  <startTime>2025-07-24T06:21:56.9832663Z</startTime>
  <endTime>2025-07-24T06:22:23.8929076Z</endTime>
  <complete>True</complete>
  <is_temp>False</is_temp>
  <is_readonly>False</is_readonly>
  <buildSummary />
</deployment>