<step title="Incoming Request" date="2025-07-24T03:35:02.521" instance="41d990" url="/deploy?scmType=ExternalGit&amp;isAsync=true" method="POST" type="request" pid="821,1,15" Host="sentrycoin-v4-app.scm.azurewebsites.net" User-Agent="Azure-WebSites-Controller/104.0.7.211" Authorization="Bas..." Expect="100-continue" Content-Length="87" x-ms-request-id="746667be-5375-4d34-aaae-6865e407728e" X-ARR-LOG-ID="746667be-5375-4d34-aaae-6865e407728e" CLIENT-IP="51.116.145.32:49154" X-SITE-DEPLOYMENT-ID="sentrycoin-v4-app" WAS-DEFAULT-HOSTNAME="sentrycoin-v4-app.scm.azurewebsites.net" X-MS-PLATFORM-INTERNAL="True" X-Forwarded-Proto="https" X-AppService-Proto="https" X-Forwarded-TlsVersion="1.3" X-WAWS-Unencoded-URL="/deploy?scmType=ExternalGit&amp;isAsync=true" X-Client-IP="51.116.145.32" X-Client-Port="49154" >
  <step title="FetchHandler" date="2025-07-24T03:35:02.535" >
    <step title="Executing external process" date="2025-07-24T03:35:02.585" type="process" path="git" arguments="rev-parse --git-dir" /><!-- duration: 27ms -->
    <step title="Executing external process" date="2025-07-24T03:35:02.616" type="process" path="git" arguments="rev-parse --git-dir" /><!-- duration: 12ms -->
    <step title="Executing external process" date="2025-07-24T03:35:02.630" type="process" path="git" arguments="log -n 1 main --" /><!-- duration: 64ms -->
    <step title="Start deployment in the background" date="2025-07-24T03:35:02.698" >
      <step title="Executing external process" date="2025-07-24T03:35:02.708" type="process" path="git" arguments="rev-parse --git-dir" /><!-- duration: 13ms -->
      <step title="Executing external process" date="2025-07-24T03:35:02.724" type="process" path="git" arguments="rev-parse --git-dir" /><!-- duration: 12ms -->
      <step title="Executing external process" date="2025-07-24T03:35:02.739" type="process" path="git" arguments="log -n 1 main --" /><!-- duration: 67ms -->
      <step title="Acquiring Deployment Lock" date="2025-07-24T03:35:02.809" /><!-- duration: 3ms -->
      <step title="Acquired Deployment Lock" date="2025-07-24T03:35:02.842" /><!-- duration: 3ms -->
    </step><!-- duration: 207ms -->
  </step><!-- duration: 374ms -->
  <step title="Outgoing response" date="2025-07-24T03:35:02.911" type="response" statusCode="202" statusText="Accepted" /><!-- duration: 2ms -->
</step><!-- duration: 394ms -->
