<step title="BackgroundTrace" date="2025-07-24T06:21:51.250" instance="41d990" url="/deploy" method="POST" >
  <step title="Creating temporary deployment - FetchDeploymentManager" date="2025-07-24T06:21:51.393" /><!-- duration: 2ms -->
  <step title="Creating temporary deployment" date="2025-07-24T06:21:51.398" /><!-- duration: 61ms -->
  <step title="Performing fetch based deployment" date="2025-07-24T06:21:51.586" >
    <step title="Deployment timer started" date="2025-07-24T06:21:55.568" >
      <step title="DeploymentManager.Deploy(id:bfaf3f7cd196c68cd39f7d1bcc47481fd2a4904f)" date="2025-07-24T06:21:55.578" >
        <step title="Collecting changeset information" date="2025-07-24T06:21:55.603" /><!-- duration: 103ms -->
        <step title="Updating submodules" date="2025-07-24T06:21:55.711" /><!-- duration: 1119ms -->
        <step title="Determining deployment builder" date="2025-07-24T06:21:57.044" >
          <step title="Builder is OryxBuilder" date="2025-07-24T06:21:57.055" /><!-- duration: 3ms -->
        </step><!-- duration: 16ms -->
        <step title="PreDeployment: context.CleanOutputPath False" date="2025-07-24T06:21:57.102" >
          <step title="PreDeployment: context.OutputPath /home/site/wwwroot" date="2025-07-24T06:21:57.201" >
            <step title="Building" date="2025-07-24T06:21:57.321" >
              <step title="Executing external process" date="2025-07-24T06:21:57.557" type="process" path="bash" arguments="-c &quot;oryx build /home/site/repository -o /home/site/wwwroot --platform nodejs --platform-version 20 -p virtualenv_name= --log-file /tmp/build-debug.log  -i /tmp/8ddca7a64192dc7 -p compress_node_modules=tar-gz | tee /tmp/oryx-build.log ; exit $PIPESTATUS &quot;" /><!-- duration: 23990ms -->
              <step title="Using GenericDeploymentLogParser" date="2025-07-24T06:22:22.118" /><!-- duration: 6ms -->
              <step title="Triggering recycle (preview mode disabled)." date="2025-07-24T06:22:23.240" /><!-- duration: 17ms -->
              <step title="Modified file to trigger a restart of the app container." date="2025-07-24T06:22:23.361" /><!-- duration: 12ms -->
              <step title="Skip function trigger and logicapp sync because function is not enabled." date="2025-07-24T06:22:23.399" /><!-- duration: 6ms -->
            </step><!-- duration: 26845ms -->
          </step><!-- duration: 26980ms -->
          <step title="Cleaning up temp files" date="2025-07-24T06:22:24.184" /><!-- duration: 813ms -->
          <step title="Cleaning up temp files" date="2025-07-24T06:22:25.010" /><!-- duration: 512ms -->
          <step title="Reloading status file with latest updates" date="2025-07-24T06:22:25.555" >
            <step title="WebHooksManager.PublishEventAsync: PostDeployment" date="2025-07-24T06:22:25.597" /><!-- duration: 77ms -->
          </step><!-- duration: 123ms -->
          <step title="Cleaning up temporary deployment - fetch deployment was successful" date="2025-07-24T06:22:25.694" /><!-- duration: 3ms -->
        </step><!-- duration: 28649ms -->
      </step><!-- duration: 30196ms -->
