<step title="Incoming Request" date="2025-07-24T06:21:50.979" instance="41d990" url="/deploy?scmType=ExternalGit&amp;isAsync=true" method="POST" type="request" pid="821,1,68" Host="sentrycoin-v4-app.scm.azurewebsites.net" User-Agent="Azure-WebSites-Controller/104.0.7.211" Authorization="Bas..." Expect="100-continue" Content-Length="87" x-ms-request-id="d826dbee-2a47-4be6-a790-8169cff33890" X-ARR-LOG-ID="d826dbee-2a47-4be6-a790-8169cff33890" CLIENT-IP="51.116.145.32:46856" X-SITE-DEPLOYMENT-ID="sentrycoin-v4-app" WAS-DEFAULT-HOSTNAME="sentrycoin-v4-app.scm.azurewebsites.net" X-MS-PLATFORM-INTERNAL="True" X-Forwarded-Proto="https" X-AppService-Proto="https" X-Forwarded-TlsVersion="1.3" X-WAWS-Unencoded-URL="/deploy?scmType=ExternalGit&amp;isAsync=true" X-Client-IP="51.116.145.32" X-Client-Port="46856" >
  <step title="Cleanup Xml Logs" date="2025-07-24T06:21:50.989" /><!-- duration: 6ms -->
  <step title="FetchHandler" date="2025-07-24T06:21:51.006" >
    <step title="Executing external process" date="2025-07-24T06:21:51.099" type="process" path="git" arguments="rev-parse --git-dir" /><!-- duration: 45ms -->
    <step title="Executing external process" date="2025-07-24T06:21:51.148" type="process" path="git" arguments="rev-parse --git-dir" /><!-- duration: 12ms -->
    <step title="Executing external process" date="2025-07-24T06:21:51.162" type="process" path="git" arguments="log -n 1 main --" /><!-- duration: 74ms -->
    <step title="Start deployment in the background" date="2025-07-24T06:21:51.245" >
      <step title="Executing external process" date="2025-07-24T06:21:51.259" type="process" path="git" arguments="rev-parse --git-dir" /><!-- duration: 34ms -->
      <step title="Executing external process" date="2025-07-24T06:21:51.296" type="process" path="git" arguments="rev-parse --git-dir" /><!-- duration: 12ms -->
      <step title="Executing external process" date="2025-07-24T06:21:51.310" type="process" path="git" arguments="log -n 1 main --" /><!-- duration: 45ms -->
      <step title="Acquiring Deployment Lock" date="2025-07-24T06:21:51.359" /><!-- duration: 2ms -->
      <step title="Acquired Deployment Lock" date="2025-07-24T06:21:51.388" /><!-- duration: 3ms -->
    </step><!-- duration: 217ms -->
  </step><!-- duration: 457ms -->
  <step title="Outgoing response" date="2025-07-24T06:21:51.467" type="response" statusCode="202" statusText="Accepted" /><!-- duration: 2ms -->
</step><!-- duration: 492ms -->
