﻿<?xml version="1.0" encoding="utf-8"?>
<deployment>
  <id>d48ae81a988efb86482d918f0f6f4783ec7fac84</id>
  <author>Your Name</author>
  <deployer>GitHub</deployer>
  <authorEmail>your.email@example.com</authorEmail>
  <message>� FORCE DEPLOY v4.0.2 - trigger Azure deployment</message>
  <progress></progress>
  <status>Success</status>
  <statusText></statusText>
  <lastSuccessEndTime>2025-07-24T03:35:26.1471763Z</lastSuccessEndTime>
  <receivedTime>2025-07-24T03:32:00.03251Z</receivedTime>
  <startTime>2025-07-24T03:35:06.9810572Z</startTime>
  <endTime>2025-07-24T03:35:26.1471763Z</endTime>
  <complete>True</complete>
  <is_temp>False</is_temp>
  <is_readonly>False</is_readonly>
  <buildSummary />
</deployment>