﻿<?xml version="1.0" encoding="utf-8"?>
<deployment>
  <id>666ed7161c3a6413fd044e5e35806aa0939b7e94</id>
  <author>Your Name</author>
  <deployer>GitHub</deployer>
  <authorEmail>your.email@example.com</authorEmail>
  <message>FIX: Add comprehensive logging to diagnose startup issues
    
    � Enhanced Logging:
    - Detailed environment variable checking
    - Step-by-step component initialization logging
    - Error stack traces for debugging
    - System status logging
    - Startup timeline tracking
    
    � Diagnostic Features:
    - Shows exactly where initialization fails
    - Validates Telegram configuration
    - Tracks WebSocket connection status
    - Provides detailed error information
    
    This will help identify why components aren't starting properly.</message>
  <progress></progress>
  <status>Success</status>
  <statusText></statusText>
  <lastSuccessEndTime>2025-07-24T08:09:57.74481Z</lastSuccessEndTime>
  <receivedTime>2025-07-24T08:04:13.7707433Z</receivedTime>
  <startTime>2025-07-24T08:09:40.0785085Z</startTime>
  <endTime>2025-07-24T08:09:57.74481Z</endTime>
  <complete>True</complete>
  <is_temp>False</is_temp>
  <is_readonly>False</is_readonly>
  <buildSummary />
</deployment>